{"train/loss": 0.0743, "train/grad_norm": 1.0234426259994507, "train/learning_rate": 9.950248756218906e-08, "train/epoch": 6.0, "train/global_step": 1608, "_timestamp": 1709297755.413257, "_runtime": 9309.321126937866, "_step": 33, "train/train_runtime": 9290.2367, "train/train_samples_per_second": 5.523, "train/train_steps_per_second": 0.173, "train/total_flos": 6749587903150080.0, "train/train_loss": 0.2082608659654411, "eval/loss": 0.8141779899597168, "eval/matthews_correlation": 0.5633840892174439, "eval/runtime": 19.7022, "eval/samples_per_second": 52.938, "eval/steps_per_second": 6.649, "_wandb": {"runtime": 9309}}